{
  "version": "1.0",
  "defaultProvider": "unpkg",
  "libraries": [
    {
      "library": "@progress/kendo-theme-default@latest",
      "destination": "wwwroot/css/kendo-themes/default",
      "files": [
        "dist/all.css"
      ]
    },
    {
      "library": "@progress/kendo-theme-bootstrap@latest",
      "destination": "wwwroot/css/kendo-themes/bootstrap",
      "files": [
        "dist/all.css"
      ]
    },
    {
      "library": "@progress/kendo-theme-material@latest",
      "destination": "wwwroot/css/kendo-themes/material",
      "files": [
        "dist/all.css"
      ]
    }
  ]
}